<?xml version="1.0" encoding="UTF-8"?>
<root>
  <item name="com.tvunetworks.android.uvccommon.glutils.IRendererCommon int getMirror()">
    <annotation name="androidx.annotation.IntDef">
      <val name="value" val="{com.tvunetworks.android.uvccommon.glutils.IRendererCommon.MIRROR_NORMAL, com.tvunetworks.android.uvccommon.glutils.IRendererCommon.MIRROR_HORIZONTAL, com.tvunetworks.android.uvccommon.glutils.IRendererCommon.MIRROR_VERTICAL, com.tvunetworks.android.uvccommon.glutils.IRendererCommon.MIRROR_BOTH}" />
    </annotation>
  </item>
  <item name="com.tvunetworks.android.uvccommon.glutils.IRendererCommon void setMirror(int) 0">
    <annotation name="androidx.annotation.IntDef">
      <val name="value" val="{com.tvunetworks.android.uvccommon.glutils.IRendererCommon.MIRROR_NORMAL, com.tvunetworks.android.uvccommon.glutils.IRendererCommon.MIRROR_HORIZONTAL, com.tvunetworks.android.uvccommon.glutils.IRendererCommon.MIRROR_VERTICAL, com.tvunetworks.android.uvccommon.glutils.IRendererCommon.MIRROR_BOTH}" />
    </annotation>
  </item>
  <item name="com.tvunetworks.android.uvccommon.glutils.IRendererCommon.MirrorMode">
    <annotation name="androidx.annotation.IntDef">
      <val name="value" val="{com.tvunetworks.android.uvccommon.glutils.IRendererCommon.MIRROR_NORMAL, com.tvunetworks.android.uvccommon.glutils.IRendererCommon.MIRROR_HORIZONTAL, com.tvunetworks.android.uvccommon.glutils.IRendererCommon.MIRROR_VERTICAL, com.tvunetworks.android.uvccommon.glutils.IRendererCommon.MIRROR_BOTH}" />
    </annotation>
  </item>
  <item name="com.tvunetworks.android.uvccommon.glutils.RendererHolder int getMirror()">
    <annotation name="androidx.annotation.IntDef">
      <val name="value" val="{com.tvunetworks.android.uvccommon.glutils.IRendererCommon.MIRROR_NORMAL, com.tvunetworks.android.uvccommon.glutils.IRendererCommon.MIRROR_HORIZONTAL, com.tvunetworks.android.uvccommon.glutils.IRendererCommon.MIRROR_VERTICAL, com.tvunetworks.android.uvccommon.glutils.IRendererCommon.MIRROR_BOTH}" />
    </annotation>
  </item>
  <item name="com.tvunetworks.android.uvccommon.glutils.RendererHolder void setMirror(int) 0">
    <annotation name="androidx.annotation.IntDef">
      <val name="value" val="{com.tvunetworks.android.uvccommon.glutils.IRendererCommon.MIRROR_NORMAL, com.tvunetworks.android.uvccommon.glutils.IRendererCommon.MIRROR_HORIZONTAL, com.tvunetworks.android.uvccommon.glutils.IRendererCommon.MIRROR_VERTICAL, com.tvunetworks.android.uvccommon.glutils.IRendererCommon.MIRROR_BOTH}" />
    </annotation>
  </item>
  <item name="com.tvunetworks.android.uvccommon.glutils.RendererHolder.RendererTask int mirror()">
    <annotation name="androidx.annotation.IntDef">
      <val name="value" val="{com.tvunetworks.android.uvccommon.glutils.IRendererCommon.MIRROR_NORMAL, com.tvunetworks.android.uvccommon.glutils.IRendererCommon.MIRROR_HORIZONTAL, com.tvunetworks.android.uvccommon.glutils.IRendererCommon.MIRROR_VERTICAL, com.tvunetworks.android.uvccommon.glutils.IRendererCommon.MIRROR_BOTH}" />
    </annotation>
  </item>
  <item name="com.tvunetworks.android.uvccommon.glutils.RendererHolder.RendererTask mMirror">
    <annotation name="androidx.annotation.IntDef">
      <val name="value" val="{com.tvunetworks.android.uvccommon.glutils.IRendererCommon.MIRROR_NORMAL, com.tvunetworks.android.uvccommon.glutils.IRendererCommon.MIRROR_HORIZONTAL, com.tvunetworks.android.uvccommon.glutils.IRendererCommon.MIRROR_VERTICAL, com.tvunetworks.android.uvccommon.glutils.IRendererCommon.MIRROR_BOTH}" />
    </annotation>
  </item>
</root>

